user_id,name,signup_date,country,age_group
U0001,User 1,2023-06-17 18:23:53.106347,France,13-17
U0002,User 2,2022-10-16 18:23:53.106347,Germany,25-34
U0003,User 3,2024-08-01 18:23:53.106347,Canada,25-34
U0004,User 4,2023-08-31 18:23:53.106347,Japan,25-34
U0005,User 5,2025-02-17 18:23:53.106347,India,55+
U0006,User 6,2024-11-27 18:23:53.106347,France,25-34
U0007,User 7,2024-04-10 18:23:53.106347,Australia,13-17
U0008,User 8,2023-01-23 18:23:53.106347,Australia,18-24
U0009,User 9,2024-04-01 18:23:53.106347,Germany,45-54
U0010,User 10,2025-03-11 18:23:53.106347,France,25-34
U0011,User 11,2024-01-22 18:23:53.106347,Canada,25-34
U0012,User 12,2023-08-07 18:23:53.106347,USA,13-17
U0013,User 13,2024-03-20 18:23:53.106347,Canada,45-54
U0014,User 14,2024-01-05 18:23:53.106347,India,55+
U0015,User 15,2024-03-28 18:23:53.106347,Japan,45-54
U0016,User 16,2024-08-14 18:23:53.106347,Australia,13-17
U0017,User 17,2022-05-11 18:23:53.106347,Germany,13-17
U0018,User 18,2023-02-18 18:23:53.106347,Brazil,13-17
U0019,User 19,2023-07-21 18:23:53.106347,Germany,18-24
U0020,User 20,2024-02-15 18:23:53.106347,USA,13-17
U0021,User 21,2024-02-15 18:23:53.106347,India,18-24
U0022,User 22,2023-02-20 18:23:53.106347,Japan,45-54
U0023,User 23,2023-02-23 18:23:53.106347,Brazil,35-44
U0024,User 24,2022-08-04 18:23:53.106347,France,35-44
U0025,User 25,2024-02-05 18:23:53.106347,Japan,55+
U0026,User 26,2024-03-26 18:23:53.106347,USA,18-24
U0027,User 27,2022-12-31 18:23:53.106347,Australia,18-24
U0028,User 28,2024-06-03 18:23:53.106347,Germany,13-17
U0029,User 29,2023-02-27 18:23:53.106347,Japan,18-24
U0030,User 30,2022-05-01 18:23:53.106347,USA,13-17
U0031,User 31,2023-08-13 18:23:53.106347,USA,35-44
U0032,User 32,2023-09-25 18:23:53.106347,Germany,13-17
U0033,User 33,2022-06-03 18:23:53.106347,UK,55+
U0034,User 34,2024-02-15 18:23:53.106347,India,45-54
U0035,User 35,2023-11-03 18:23:53.106347,Brazil,35-44
U0036,User 36,2022-10-10 18:23:53.106347,Japan,35-44
U0037,User 37,2023-01-25 18:23:53.106347,Canada,35-44
U0038,User 38,2023-02-08 18:23:53.106347,France,55+
U0039,User 39,2025-02-21 18:23:53.106347,Germany,55+
U0040,User 40,2022-10-17 18:23:53.106347,Germany,55+
U0041,User 41,2024-12-26 18:23:53.106347,France,13-17
U0042,User 42,2022-12-29 18:23:53.106347,UK,55+
U0043,User 43,2023-10-14 18:23:53.106347,USA,45-54
U0044,User 44,2024-11-06 18:23:53.106347,UK,55+
U0045,User 45,2023-07-10 18:23:53.106347,India,25-34
U0046,User 46,2025-04-27 18:23:53.106347,Germany,13-17
U0047,User 47,2025-03-19 18:23:53.106347,India,35-44
U0048,User 48,2025-04-03 18:23:53.106347,Germany,18-24
U0049,User 49,2024-01-26 18:23:53.106347,Japan,13-17
U0050,User 50,2023-07-17 18:23:53.106347,UK,13-17
U0051,User 51,2024-08-14 18:23:53.106347,Brazil,55+
U0052,User 52,2023-10-25 18:23:53.106347,USA,45-54
U0053,User 53,2022-09-17 18:23:53.106347,France,55+
U0054,User 54,2023-07-15 18:23:53.106347,UK,45-54
U0055,User 55,2024-12-18 18:23:53.106347,Australia,55+
U0056,User 56,2024-12-19 18:23:53.106347,Japan,45-54
U0057,User 57,2025-03-25 18:23:53.106347,Australia,25-34
U0058,User 58,2023-03-18 18:23:53.106347,USA,25-34
U0059,User 59,2022-06-18 18:23:53.106347,Canada,35-44
U0060,User 60,2024-07-28 18:23:53.106347,USA,55+
U0061,User 61,2022-09-09 18:23:53.106347,UK,18-24
U0062,User 62,2023-04-23 18:23:53.106347,India,45-54
U0063,User 63,2024-12-11 18:23:53.106347,Germany,25-34
U0064,User 64,2022-10-31 18:23:53.106347,France,25-34
U0065,User 65,2024-08-05 18:23:53.106347,Japan,45-54
U0066,User 66,2023-12-31 18:23:53.106347,USA,25-34
U0067,User 67,2023-10-12 18:23:53.106347,USA,35-44
U0068,User 68,2024-03-15 18:23:53.106347,Canada,18-24
U0069,User 69,2022-12-25 18:23:53.106347,Canada,25-34
U0070,User 70,2024-08-26 18:23:53.106347,Australia,35-44
U0071,User 71,2023-10-09 18:23:53.106347,Germany,25-34
U0072,User 72,2022-05-28 18:23:53.106347,Japan,55+
U0073,User 73,2024-08-16 18:23:53.106347,India,25-34
U0074,User 74,2022-06-22 18:23:53.106347,Brazil,55+
U0075,User 75,2024-02-24 18:23:53.106347,UK,18-24
U0076,User 76,2024-02-21 18:23:53.106347,Japan,13-17
U0077,User 77,2024-10-31 18:23:53.106347,India,18-24
U0078,User 78,2025-04-26 18:23:53.106347,USA,45-54
U0079,User 79,2022-07-04 18:23:53.106347,Japan,13-17
U0080,User 80,2025-01-23 18:23:53.106347,Canada,45-54
U0081,User 81,2023-05-09 18:23:53.106347,Canada,25-34
U0082,User 82,2022-10-02 18:23:53.106347,USA,13-17
U0083,User 83,2025-01-02 18:23:53.106347,Canada,55+
U0084,User 84,2022-10-04 18:23:53.106347,Germany,35-44
U0085,User 85,2024-01-09 18:23:53.106347,UK,25-34
U0086,User 86,2023-10-22 18:23:53.106347,USA,18-24
U0087,User 87,2024-02-08 18:23:53.106347,USA,45-54
U0088,User 88,2024-09-10 18:23:53.106347,Japan,13-17
U0089,User 89,2023-04-22 18:23:53.106347,Brazil,25-34
U0090,User 90,2024-06-23 18:23:53.106347,UK,18-24
U0091,User 91,2024-03-17 18:23:53.106347,Japan,35-44
U0092,User 92,2024-11-23 18:23:53.106347,France,55+
U0093,User 93,2024-12-07 18:23:53.106347,Japan,45-54
U0094,User 94,2022-11-25 18:23:53.106347,India,45-54
U0095,User 95,2022-12-31 18:23:53.106347,India,45-54
U0096,User 96,2023-12-02 18:23:53.106347,Brazil,25-34
U0097,User 97,2024-05-07 18:23:53.106347,Germany,55+
U0098,User 98,2023-06-01 18:23:53.106347,Japan,35-44
U0099,User 99,2022-05-31 18:23:53.106347,Canada,55+
U0100,User 100,2023-10-22 18:23:53.106347,UK,35-44
U0101,User 101,2023-06-03 18:23:53.106347,Brazil,13-17
U0102,User 102,2024-11-12 18:23:53.106347,Germany,45-54
U0103,User 103,2023-06-17 18:23:53.106347,USA,35-44
U0104,User 104,2024-04-09 18:23:53.106347,France,25-34
U0105,User 105,2025-04-01 18:23:53.106347,Germany,45-54
U0106,User 106,2023-06-10 18:23:53.106347,Germany,18-24
U0107,User 107,2024-10-31 18:23:53.106347,UK,45-54
U0108,User 108,2024-12-15 18:23:53.106347,India,13-17
U0109,User 109,2024-11-18 18:23:53.106347,UK,35-44
U0110,User 110,2022-12-19 18:23:53.106347,USA,18-24
U0111,User 111,2022-05-16 18:23:53.106347,India,18-24
U0112,User 112,2022-10-20 18:23:53.106347,France,35-44
U0113,User 113,2023-11-03 18:23:53.106347,Germany,25-34
U0114,User 114,2023-05-29 18:23:53.106347,Germany,35-44
U0115,User 115,2023-09-08 18:23:53.106347,France,55+
U0116,User 116,2023-05-30 18:23:53.106347,India,25-34
U0117,User 117,2025-01-22 18:23:53.106347,UK,18-24
U0118,User 118,2024-04-07 18:23:53.106347,UK,55+
U0119,User 119,2022-09-26 18:23:53.106347,Germany,13-17
U0120,User 120,2024-09-01 18:23:53.106347,France,35-44
U0121,User 121,2022-11-19 18:23:53.106347,Germany,25-34
U0122,User 122,2023-01-09 18:23:53.106347,France,35-44
U0123,User 123,2024-10-21 18:23:53.106347,Canada,35-44
U0124,User 124,2024-12-15 18:23:53.106347,Brazil,35-44
U0125,User 125,2023-10-31 18:23:53.106347,Germany,13-17
U0126,User 126,2024-08-06 18:23:53.106347,Germany,35-44
U0127,User 127,2023-04-15 18:23:53.106347,UK,55+
U0128,User 128,2025-02-19 18:23:53.106347,USA,55+
U0129,User 129,2022-12-26 18:23:53.106347,USA,55+
U0130,User 130,2023-06-29 18:23:53.106347,USA,25-34
U0131,User 131,2024-12-10 18:23:53.106347,Canada,35-44
U0132,User 132,2023-09-29 18:23:53.106347,Germany,45-54
U0133,User 133,2024-01-17 18:23:53.106347,Japan,35-44
U0134,User 134,2024-01-27 18:23:53.106347,UK,45-54
U0135,User 135,2023-08-14 18:23:53.106347,UK,25-34
U0136,User 136,2022-12-25 18:23:53.106347,Canada,55+
U0137,User 137,2022-12-13 18:23:53.106347,USA,25-34
U0138,User 138,2024-07-16 18:23:53.106347,USA,55+
U0139,User 139,2022-05-03 18:23:53.106347,Australia,13-17
U0140,User 140,2025-01-26 18:23:53.106347,USA,18-24
U0141,User 141,2024-03-03 18:23:53.106347,Canada,35-44
U0142,User 142,2023-11-04 18:23:53.106347,France,45-54
U0143,User 143,2023-06-08 18:23:53.106347,India,35-44
U0144,User 144,2023-10-30 18:23:53.106347,UK,35-44
U0145,User 145,2023-02-08 18:23:53.106347,Japan,25-34
U0146,User 146,2025-04-18 18:23:53.106347,Australia,45-54
U0147,User 147,2022-11-18 18:23:53.106347,Germany,13-17
U0148,User 148,2023-04-05 18:23:53.106347,Australia,55+
U0149,User 149,2025-04-12 18:23:53.106347,Canada,55+
U0150,User 150,2022-07-14 18:23:53.106347,France,18-24
U0151,User 151,2025-01-22 18:23:53.106347,Germany,18-24
U0152,User 152,2023-10-04 18:23:53.106347,UK,18-24
U0153,User 153,2024-09-15 18:23:53.106347,India,35-44
U0154,User 154,2023-11-17 18:23:53.106347,Japan,35-44
U0155,User 155,2022-11-17 18:23:53.106347,Brazil,55+
U0156,User 156,2024-10-27 18:23:53.106347,USA,45-54
U0157,User 157,2022-08-29 18:23:53.106347,Brazil,55+
U0158,User 158,2024-05-28 18:23:53.106347,India,18-24
U0159,User 159,2024-02-27 18:23:53.106347,Brazil,35-44
U0160,User 160,2024-01-31 18:23:53.106347,Brazil,35-44
U0161,User 161,2024-02-04 18:23:53.106347,India,45-54
U0162,User 162,2024-11-12 18:23:53.106347,Japan,55+
U0163,User 163,2024-03-24 18:23:53.106347,Canada,13-17
U0164,User 164,2024-09-15 18:23:53.106347,France,18-24
U0165,User 165,2025-04-25 18:23:53.106347,France,55+
U0166,User 166,2022-05-13 18:23:53.106347,Australia,35-44
U0167,User 167,2023-12-13 18:23:53.106347,India,18-24
U0168,User 168,2022-05-12 18:23:53.106347,Germany,35-44
U0169,User 169,2024-05-11 18:23:53.106347,Australia,18-24
U0170,User 170,2025-04-07 18:23:53.106347,Australia,45-54
U0171,User 171,2024-01-19 18:23:53.106347,USA,25-34
U0172,User 172,2023-01-01 18:23:53.106347,India,35-44
U0173,User 173,2024-08-22 18:23:53.106347,Japan,35-44
U0174,User 174,2022-11-27 18:23:53.106347,Japan,45-54
U0175,User 175,2024-06-19 18:23:53.106347,Australia,18-24
U0176,User 176,2024-10-14 18:23:53.106347,Brazil,35-44
U0177,User 177,2024-11-12 18:23:53.106347,Japan,55+
U0178,User 178,2023-08-02 18:23:53.106347,Brazil,55+
U0179,User 179,2024-04-06 18:23:53.106347,Australia,45-54
U0180,User 180,2025-03-16 18:23:53.106347,India,35-44
U0181,User 181,2023-12-24 18:23:53.106347,India,45-54
U0182,User 182,2024-12-27 18:23:53.106347,USA,55+
U0183,User 183,2024-01-09 18:23:53.106347,Japan,13-17
U0184,User 184,2024-07-09 18:23:53.106347,Germany,18-24
U0185,User 185,2024-06-11 18:23:53.106347,Germany,18-24
U0186,User 186,2023-09-04 18:23:53.106347,France,18-24
U0187,User 187,2022-12-30 18:23:53.106347,France,45-54
U0188,User 188,2023-01-15 18:23:53.106347,UK,55+
U0189,User 189,2024-10-09 18:23:53.106347,Japan,55+
U0190,User 190,2024-01-03 18:23:53.106347,UK,25-34
U0191,User 191,2022-10-26 18:23:53.106347,UK,25-34
U0192,User 192,2024-01-13 18:23:53.106347,India,45-54
U0193,User 193,2022-06-02 18:23:53.106347,USA,25-34
U0194,User 194,2024-01-14 18:23:53.106347,Canada,13-17
U0195,User 195,2023-04-24 18:23:53.106347,France,55+
U0196,User 196,2025-02-01 18:23:53.106347,USA,18-24
U0197,User 197,2025-02-07 18:23:53.106347,France,35-44
U0198,User 198,2023-07-20 18:23:53.106347,Canada,13-17
U0199,User 199,2024-12-04 18:23:53.106347,Japan,35-44
U0200,User 200,2023-04-06 18:23:53.106347,Germany,35-44
U0201,User 201,2024-02-21 18:23:53.106347,Brazil,18-24
U0202,User 202,2023-12-04 18:23:53.106347,Australia,25-34
U0203,User 203,2023-04-24 18:23:53.106347,Brazil,55+
U0204,User 204,2024-06-26 18:23:53.106347,Japan,55+
U0205,User 205,2025-01-30 18:23:53.106347,UK,25-34
U0206,User 206,2023-06-19 18:23:53.106347,France,25-34
U0207,User 207,2023-09-13 18:23:53.106347,India,45-54
U0208,User 208,2023-11-03 18:23:53.106347,India,13-17
U0209,User 209,2023-10-21 18:23:53.106347,Japan,35-44
U0210,User 210,2023-12-28 18:23:53.106347,Japan,25-34
U0211,User 211,2023-09-16 18:23:53.106347,Canada,25-34
U0212,User 212,2024-02-17 18:23:53.106347,France,55+
U0213,User 213,2023-03-21 18:23:53.106347,Japan,55+
U0214,User 214,2024-09-01 18:23:53.106347,USA,35-44
U0215,User 215,2025-04-01 18:23:53.106347,USA,45-54
U0216,User 216,2024-01-11 18:23:53.106347,Australia,35-44
U0217,User 217,2023-08-20 18:23:53.106347,Germany,13-17
U0218,User 218,2022-12-28 18:23:53.106347,UK,35-44
U0219,User 219,2024-10-04 18:23:53.106347,France,45-54
U0220,User 220,2025-03-27 18:23:53.106347,France,18-24
U0221,User 221,2022-09-06 18:23:53.106347,Canada,18-24
U0222,User 222,2023-10-14 18:23:53.106347,France,45-54
U0223,User 223,2023-02-22 18:23:53.106347,France,35-44
U0224,User 224,2023-04-08 18:23:53.106347,France,55+
U0225,User 225,2024-09-19 18:23:53.106347,USA,25-34
U0226,User 226,2022-10-20 18:23:53.106347,Canada,45-54
U0227,User 227,2023-06-25 18:23:53.106347,Japan,13-17
U0228,User 228,2022-08-29 18:23:53.106347,Canada,13-17
U0229,User 229,2025-02-04 18:23:53.106347,Japan,18-24
U0230,User 230,2023-06-21 18:23:53.106347,Australia,13-17
U0231,User 231,2023-04-04 18:23:53.106347,Canada,35-44
U0232,User 232,2023-03-28 18:23:53.106347,USA,45-54
U0233,User 233,2024-03-29 18:23:53.106347,France,25-34
U0234,User 234,2022-12-27 18:23:53.106347,USA,25-34
U0235,User 235,2024-04-16 18:23:53.106347,Brazil,18-24
U0236,User 236,2023-03-26 18:23:53.106347,USA,13-17
U0237,User 237,2022-09-12 18:23:53.106347,Brazil,25-34
U0238,User 238,2023-01-07 18:23:53.106347,Brazil,55+
U0239,User 239,2025-04-19 18:23:53.106347,Brazil,45-54
U0240,User 240,2023-08-05 18:23:53.106347,Japan,25-34
U0241,User 241,2023-01-06 18:23:53.106347,Canada,18-24
U0242,User 242,2025-04-25 18:23:53.106347,USA,18-24
U0243,User 243,2023-06-13 18:23:53.106347,Australia,13-17
U0244,User 244,2024-05-27 18:23:53.106347,Australia,18-24
U0245,User 245,2023-05-11 18:23:53.106347,Australia,25-34
U0246,User 246,2025-03-15 18:23:53.106347,Brazil,18-24
U0247,User 247,2024-12-15 18:23:53.106347,Canada,55+
U0248,User 248,2022-11-09 18:23:53.106347,UK,13-17
U0249,User 249,2023-06-25 18:23:53.106347,UK,45-54
U0250,User 250,2025-02-22 18:23:53.106347,Japan,45-54
U0251,User 251,2025-02-22 18:23:53.106347,USA,35-44
U0252,User 252,2022-05-16 18:23:53.106347,Brazil,13-17
U0253,User 253,2024-07-25 18:23:53.106347,UK,18-24
U0254,User 254,2024-06-05 18:23:53.106347,Brazil,55+
U0255,User 255,2024-01-18 18:23:53.106347,France,25-34
U0256,User 256,2022-08-02 18:23:53.106347,UK,55+
U0257,User 257,2024-04-26 18:23:53.106347,France,25-34
U0258,User 258,2024-08-13 18:23:53.106347,Germany,18-24
U0259,User 259,2024-01-20 18:23:53.106347,UK,18-24
U0260,User 260,2024-09-01 18:23:53.106347,Germany,13-17
U0261,User 261,2023-08-19 18:23:53.106347,Australia,25-34
U0262,User 262,2025-04-09 18:23:53.106347,Japan,55+
U0263,User 263,2024-03-13 18:23:53.106347,UK,13-17
U0264,User 264,2022-08-13 18:23:53.106347,Brazil,55+
U0265,User 265,2024-04-14 18:23:53.106347,Germany,18-24
U0266,User 266,2023-04-06 18:23:53.106347,France,18-24
U0267,User 267,2023-09-22 18:23:53.106347,Japan,25-34
U0268,User 268,2025-02-19 18:23:53.106347,UK,25-34
U0269,User 269,2024-06-01 18:23:53.106347,Germany,35-44
U0270,User 270,2024-01-20 18:23:53.106347,France,55+
U0271,User 271,2023-02-18 18:23:53.106347,Brazil,35-44
U0272,User 272,2024-07-16 18:23:53.106347,Germany,25-34
U0273,User 273,2024-01-24 18:23:53.106347,Australia,35-44
U0274,User 274,2022-05-12 18:23:53.106347,France,13-17
U0275,User 275,2024-02-27 18:23:53.106347,Canada,45-54
U0276,User 276,2024-12-17 18:23:53.106347,Australia,45-54
U0277,User 277,2024-11-17 18:23:53.106347,Germany,35-44
U0278,User 278,2024-09-13 18:23:53.106347,India,18-24
U0279,User 279,2022-08-24 18:23:53.106347,Germany,13-17
U0280,User 280,2023-07-30 18:23:53.106347,Australia,25-34
U0281,User 281,2025-02-21 18:23:53.106347,UK,13-17
U0282,User 282,2025-01-11 18:23:53.106347,Australia,45-54
U0283,User 283,2023-03-07 18:23:53.106347,France,25-34
U0284,User 284,2023-05-02 18:23:53.106347,Germany,55+
U0285,User 285,2022-10-13 18:23:53.106347,India,35-44
U0286,User 286,2023-04-22 18:23:53.106347,France,25-34
U0287,User 287,2022-06-25 18:23:53.106347,Australia,25-34
U0288,User 288,2023-03-24 18:23:53.106347,Brazil,18-24
U0289,User 289,2023-09-05 18:23:53.106347,Brazil,35-44
U0290,User 290,2023-04-25 18:23:53.106347,Australia,25-34
U0291,User 291,2023-11-27 18:23:53.106347,India,45-54
U0292,User 292,2025-01-01 18:23:53.106347,Brazil,45-54
U0293,User 293,2022-05-25 18:23:53.106347,France,55+
U0294,User 294,2025-03-26 18:23:53.106347,USA,45-54
U0295,User 295,2023-06-18 18:23:53.106347,India,45-54
U0296,User 296,2023-08-04 18:23:53.106347,UK,18-24
U0297,User 297,2024-09-17 18:23:53.106347,Australia,45-54
U0298,User 298,2022-09-13 18:23:53.106347,Australia,18-24
U0299,User 299,2024-04-13 18:23:53.106347,Australia,13-17
U0300,User 300,2024-06-25 18:23:53.106347,France,45-54
U0301,User 301,2024-01-09 18:23:53.106347,Brazil,13-17
U0302,User 302,2023-01-16 18:23:53.106347,Australia,35-44
U0303,User 303,2025-02-06 18:23:53.106347,UK,18-24
U0304,User 304,2023-01-01 18:23:53.106347,USA,45-54
U0305,User 305,2024-04-16 18:23:53.106347,France,25-34
U0306,User 306,2024-10-11 18:23:53.106347,Australia,45-54
U0307,User 307,2024-07-18 18:23:53.106347,Canada,45-54
U0308,User 308,2025-03-15 18:23:53.106347,Germany,13-17
U0309,User 309,2022-11-27 18:23:53.106347,Canada,18-24
U0310,User 310,2024-05-29 18:23:53.106347,France,25-34
U0311,User 311,2022-07-09 18:23:53.106347,Brazil,13-17
U0312,User 312,2023-07-21 18:23:53.106347,Australia,35-44
U0313,User 313,2024-10-08 18:23:53.106347,Brazil,13-17
U0314,User 314,2022-09-09 18:23:53.106347,Australia,35-44
U0315,User 315,2022-12-04 18:23:53.106347,India,25-34
U0316,User 316,2023-07-14 18:23:53.106347,Germany,35-44
U0317,User 317,2024-08-13 18:23:53.106347,Canada,18-24
U0318,User 318,2024-07-08 18:23:53.106347,Germany,35-44
U0319,User 319,2022-08-31 18:23:53.106347,Australia,13-17
U0320,User 320,2022-09-16 18:23:53.106347,UK,13-17
U0321,User 321,2024-08-24 18:23:53.106347,USA,55+
U0322,User 322,2023-08-30 18:23:53.106347,Japan,35-44
U0323,User 323,2023-01-24 18:23:53.106347,USA,45-54
U0324,User 324,2022-11-06 18:23:53.106347,France,55+
U0325,User 325,2024-06-05 18:23:53.106347,Germany,25-34
U0326,User 326,2022-07-04 18:23:53.106347,Canada,18-24
U0327,User 327,2022-12-07 18:23:53.106347,UK,18-24
U0328,User 328,2022-09-28 18:23:53.106347,Brazil,35-44
U0329,User 329,2023-06-17 18:23:53.106347,France,55+
U0330,User 330,2023-04-04 18:23:53.106347,Japan,35-44
U0331,User 331,2022-08-15 18:23:53.106347,Japan,35-44
U0332,User 332,2024-01-01 18:23:53.106347,Australia,35-44
U0333,User 333,2022-08-21 18:23:53.106347,India,55+
U0334,User 334,2024-12-01 18:23:53.106347,Australia,45-54
U0335,User 335,2025-02-21 18:23:53.106347,Brazil,45-54
U0336,User 336,2023-10-06 18:23:53.106347,UK,13-17
U0337,User 337,2023-03-05 18:23:53.106347,Brazil,25-34
U0338,User 338,2025-04-20 18:23:53.106347,Japan,45-54
U0339,User 339,2024-10-14 18:23:53.106347,Canada,13-17
U0340,User 340,2024-11-18 18:23:53.106347,Australia,45-54
U0341,User 341,2022-11-30 18:23:53.106347,Japan,35-44
U0342,User 342,2024-12-30 18:23:53.106347,Australia,35-44
U0343,User 343,2024-06-28 18:23:53.106347,Australia,45-54
U0344,User 344,2024-03-16 18:23:53.106347,Brazil,55+
U0345,User 345,2022-07-09 18:23:53.106347,Japan,25-34
U0346,User 346,2024-06-15 18:23:53.106347,USA,13-17
U0347,User 347,2024-10-28 18:23:53.106347,Germany,45-54
U0348,User 348,2023-02-14 18:23:53.106347,Japan,25-34
U0349,User 349,2024-05-03 18:23:53.106347,Canada,35-44
U0350,User 350,2024-05-23 18:23:53.106347,Canada,35-44
U0351,User 351,2024-05-17 18:23:53.106347,UK,18-24
U0352,User 352,2022-12-06 18:23:53.106347,Canada,25-34
U0353,User 353,2023-03-31 18:23:53.106347,Germany,18-24
U0354,User 354,2023-03-07 18:23:53.106347,USA,45-54
U0355,User 355,2023-02-23 18:23:53.106347,India,45-54
U0356,User 356,2025-01-17 18:23:53.106347,India,18-24
U0357,User 357,2024-11-12 18:23:53.106347,Brazil,35-44
U0358,User 358,2024-02-09 18:23:53.106347,UK,25-34
U0359,User 359,2024-08-02 18:23:53.106347,Australia,55+
U0360,User 360,2023-03-14 18:23:53.106347,India,35-44
U0361,User 361,2024-12-11 18:23:53.106347,France,35-44
U0362,User 362,2024-03-31 18:23:53.106347,France,25-34
U0363,User 363,2023-01-30 18:23:53.106347,Japan,45-54
U0364,User 364,2023-02-19 18:23:53.106347,India,45-54
U0365,User 365,2023-02-15 18:23:53.106347,Germany,25-34
U0366,User 366,2022-10-20 18:23:53.106347,Australia,35-44
U0367,User 367,2025-01-07 18:23:53.106347,India,35-44
U0368,User 368,2024-06-09 18:23:53.106347,India,45-54
U0369,User 369,2024-02-25 18:23:53.106347,India,25-34
U0370,User 370,2022-07-27 18:23:53.106347,USA,35-44
U0371,User 371,2023-09-11 18:23:53.106347,USA,18-24
U0372,User 372,2022-11-30 18:23:53.106347,France,55+
U0373,User 373,2023-01-07 18:23:53.106347,Germany,18-24
U0374,User 374,2024-03-27 18:23:53.106347,Japan,55+
U0375,User 375,2023-04-03 18:23:53.106347,Australia,13-17
U0376,User 376,2025-02-21 18:23:53.106347,Brazil,25-34
U0377,User 377,2025-02-02 18:23:53.106347,UK,13-17
U0378,User 378,2025-04-11 18:23:53.106347,Australia,55+
U0379,User 379,2024-04-20 18:23:53.106347,Germany,25-34
U0380,User 380,2025-02-26 18:23:53.106347,USA,25-34
U0381,User 381,2023-07-13 18:23:53.106347,Brazil,13-17
U0382,User 382,2025-02-06 18:23:53.106347,Germany,35-44
U0383,User 383,2022-07-07 18:23:53.106347,Australia,13-17
U0384,User 384,2024-10-27 18:23:53.106347,Canada,25-34
U0385,User 385,2023-01-29 18:23:53.106347,UK,45-54
U0386,User 386,2022-10-11 18:23:53.106347,India,25-34
U0387,User 387,2025-03-05 18:23:53.106347,USA,18-24
U0388,User 388,2022-07-19 18:23:53.106347,France,55+
U0389,User 389,2023-02-27 18:23:53.106347,UK,18-24
U0390,User 390,2022-12-16 18:23:53.106347,Brazil,45-54
U0391,User 391,2022-08-21 18:23:53.106347,India,45-54
U0392,User 392,2024-05-31 18:23:53.106347,India,35-44
U0393,User 393,2024-03-29 18:23:53.106347,Japan,55+
U0394,User 394,2025-03-04 18:23:53.106347,France,25-34
U0395,User 395,2024-05-06 18:23:53.106347,India,55+
U0396,User 396,2022-07-27 18:23:53.106347,Australia,25-34
U0397,User 397,2022-11-16 18:23:53.106347,Australia,45-54
U0398,User 398,2022-09-13 18:23:53.106347,Australia,25-34
U0399,User 399,2023-10-31 18:23:53.106347,Brazil,55+
U0400,User 400,2022-11-20 18:23:53.106347,Canada,45-54
U0401,User 401,2024-07-29 18:23:53.106347,UK,45-54
U0402,User 402,2023-10-04 18:23:53.106347,USA,25-34
U0403,User 403,2024-04-21 18:23:53.106347,Germany,35-44
U0404,User 404,2023-06-27 18:23:53.106347,Germany,13-17
U0405,User 405,2023-06-23 18:23:53.106347,India,18-24
U0406,User 406,2024-12-30 18:23:53.106347,India,25-34
U0407,User 407,2024-01-17 18:23:53.106347,Canada,25-34
U0408,User 408,2025-03-06 18:23:53.106347,Australia,13-17
U0409,User 409,2024-01-17 18:23:53.106347,Japan,18-24
U0410,User 410,2023-01-25 18:23:53.106347,Germany,25-34
U0411,User 411,2024-04-13 18:23:53.106347,Germany,45-54
U0412,User 412,2023-06-05 18:23:53.106347,UK,25-34
U0413,User 413,2023-01-03 18:23:53.106347,France,55+
U0414,User 414,2023-02-11 18:23:53.106347,Australia,55+
U0415,User 415,2025-03-04 18:23:53.106347,France,45-54
U0416,User 416,2024-03-09 18:23:53.106347,Germany,55+
U0417,User 417,2024-07-24 18:23:53.106347,Brazil,25-34
U0418,User 418,2024-07-14 18:23:53.106347,Japan,18-24
U0419,User 419,2024-02-17 18:23:53.106347,Canada,25-34
U0420,User 420,2022-06-29 18:23:53.106347,India,55+
U0421,User 421,2025-01-19 18:23:53.106347,France,13-17
U0422,User 422,2024-11-20 18:23:53.106347,Australia,55+
U0423,User 423,2023-01-11 18:23:53.106347,USA,45-54
U0424,User 424,2023-03-08 18:23:53.106347,Brazil,45-54
U0425,User 425,2023-06-26 18:23:53.106347,Japan,35-44
U0426,User 426,2023-07-28 18:23:53.106347,Japan,45-54
U0427,User 427,2023-03-15 18:23:53.106347,UK,45-54
U0428,User 428,2023-06-07 18:23:53.106347,USA,18-24
U0429,User 429,2023-02-14 18:23:53.106347,Canada,25-34
U0430,User 430,2025-01-14 18:23:53.106347,USA,35-44
U0431,User 431,2024-03-08 18:23:53.106347,Brazil,25-34
U0432,User 432,2024-07-21 18:23:53.106347,Germany,13-17
U0433,User 433,2025-03-19 18:23:53.106347,France,55+
U0434,User 434,2025-02-22 18:23:53.106347,France,18-24
U0435,User 435,2024-12-05 18:23:53.106347,India,13-17
U0436,User 436,2023-10-26 18:23:53.106347,India,25-34
U0437,User 437,2023-08-02 18:23:53.106347,France,18-24
U0438,User 438,2025-03-30 18:23:53.106347,UK,45-54
U0439,User 439,2024-01-14 18:23:53.106347,Brazil,45-54
U0440,User 440,2024-12-12 18:23:53.106347,Japan,55+
U0441,User 441,2023-05-21 18:23:53.106347,Canada,13-17
U0442,User 442,2024-04-17 18:23:53.106347,Brazil,13-17
U0443,User 443,2022-11-06 18:23:53.106347,Canada,18-24
U0444,User 444,2024-12-01 18:23:53.106347,USA,35-44
U0445,User 445,2023-07-20 18:23:53.106347,Japan,13-17
U0446,User 446,2025-03-23 18:23:53.106347,USA,18-24
U0447,User 447,2022-12-04 18:23:53.106347,Germany,55+
U0448,User 448,2023-12-23 18:23:53.106347,India,25-34
U0449,User 449,2023-12-23 18:23:53.106347,France,18-24
U0450,User 450,2023-08-08 18:23:53.106347,Japan,55+
U0451,User 451,2024-09-30 18:23:53.106347,Canada,35-44
U0452,User 452,2022-11-25 18:23:53.106347,Canada,55+
U0453,User 453,2022-05-07 18:23:53.106347,UK,35-44
U0454,User 454,2024-02-20 18:23:53.106347,Japan,55+
U0455,User 455,2022-10-27 18:23:53.106347,UK,25-34
U0456,User 456,2023-02-01 18:23:53.106347,Australia,25-34
U0457,User 457,2023-08-29 18:23:53.106347,France,35-44
U0458,User 458,2022-07-02 18:23:53.106347,USA,35-44
U0459,User 459,2022-05-27 18:23:53.106347,USA,55+
U0460,User 460,2024-06-25 18:23:53.106347,India,13-17
U0461,User 461,2024-09-13 18:23:53.106347,Germany,35-44
U0462,User 462,2024-11-28 18:23:53.106347,Brazil,35-44
U0463,User 463,2023-02-17 18:23:53.106347,Germany,45-54
U0464,User 464,2024-08-06 18:23:53.106347,Canada,35-44
U0465,User 465,2024-12-14 18:23:53.106347,Germany,35-44
U0466,User 466,2024-08-26 18:23:53.106347,India,35-44
U0467,User 467,2023-02-18 18:23:53.106347,Germany,25-34
U0468,User 468,2023-06-03 18:23:53.106347,UK,55+
U0469,User 469,2024-07-27 18:23:53.106347,Brazil,35-44
U0470,User 470,2022-05-16 18:23:53.106347,UK,45-54
U0471,User 471,2023-04-09 18:23:53.106347,India,35-44
U0472,User 472,2022-11-21 18:23:53.106347,USA,35-44
U0473,User 473,2025-01-27 18:23:53.106347,Germany,35-44
U0474,User 474,2024-08-17 18:23:53.106347,Canada,25-34
U0475,User 475,2023-06-05 18:23:53.106347,Brazil,45-54
U0476,User 476,2022-11-28 18:23:53.106347,India,35-44
U0477,User 477,2024-08-09 18:23:53.106347,Brazil,25-34
U0478,User 478,2023-05-26 18:23:53.106347,Brazil,25-34
U0479,User 479,2022-08-26 18:23:53.106347,Canada,18-24
U0480,User 480,2022-06-25 18:23:53.106347,USA,55+
U0481,User 481,2023-04-08 18:23:53.106347,Japan,13-17
U0482,User 482,2023-11-13 18:23:53.106347,USA,55+
U0483,User 483,2023-06-09 18:23:53.106347,Canada,25-34
U0484,User 484,2024-03-25 18:23:53.106347,Brazil,45-54
U0485,User 485,2024-01-16 18:23:53.106347,France,45-54
U0486,User 486,2025-02-26 18:23:53.106347,Brazil,25-34
U0487,User 487,2023-02-01 18:23:53.106347,Brazil,18-24
U0488,User 488,2024-08-04 18:23:53.106347,Australia,13-17
U0489,User 489,2023-08-07 18:23:53.106347,USA,35-44
U0490,User 490,2024-08-05 18:23:53.106347,France,13-17
U0491,User 491,2025-03-21 18:23:53.106347,UK,55+
U0492,User 492,2024-09-12 18:23:53.106347,France,45-54
U0493,User 493,2022-05-09 18:23:53.106347,Canada,45-54
U0494,User 494,2023-05-17 18:23:53.106347,Brazil,55+
U0495,User 495,2024-05-28 18:23:53.106347,Germany,25-34
U0496,User 496,2023-10-08 18:23:53.106347,UK,35-44
U0497,User 497,2024-03-04 18:23:53.106347,Brazil,55+
U0498,User 498,2023-06-12 18:23:53.106347,Germany,45-54
U0499,User 499,2025-01-30 18:23:53.106347,India,35-44
U0500,User 500,2023-11-01 18:23:53.106347,UK,25-34
U0501,User 501,2025-04-28 18:23:53.106347,India,13-17
U0502,User 502,2022-06-01 18:23:53.106347,Australia,25-34
U0503,User 503,2022-11-10 18:23:53.106347,India,55+
U0504,User 504,2024-06-15 18:23:53.106347,Australia,35-44
U0505,User 505,2023-01-29 18:23:53.106347,UK,25-34
U0506,User 506,2022-06-23 18:23:53.106347,France,25-34
U0507,User 507,2024-05-20 18:23:53.106347,Canada,13-17
U0508,User 508,2023-08-20 18:23:53.106347,France,25-34
U0509,User 509,2022-11-14 18:23:53.106347,UK,35-44
U0510,User 510,2023-02-28 18:23:53.106347,Canada,13-17
U0511,User 511,2023-01-20 18:23:53.106347,UK,35-44
U0512,User 512,2024-10-19 18:23:53.106347,Canada,13-17
U0513,User 513,2024-10-21 18:23:53.106347,Canada,35-44
U0514,User 514,2024-07-06 18:23:53.106347,Japan,13-17
U0515,User 515,2024-06-14 18:23:53.106347,Australia,13-17
U0516,User 516,2023-04-29 18:23:53.106347,Japan,35-44
U0517,User 517,2023-05-02 18:23:53.106347,Brazil,35-44
U0518,User 518,2022-09-15 18:23:53.106347,Brazil,25-34
U0519,User 519,2023-02-06 18:23:53.106347,Germany,45-54
U0520,User 520,2023-01-22 18:23:53.106347,Canada,18-24
U0521,User 521,2024-04-15 18:23:53.106347,France,18-24
U0522,User 522,2024-07-16 18:23:53.106347,Canada,45-54
U0523,User 523,2024-06-24 18:23:53.106347,USA,18-24
U0524,User 524,2023-08-12 18:23:53.106347,USA,13-17
U0525,User 525,2024-06-17 18:23:53.106347,USA,55+
U0526,User 526,2024-09-28 18:23:53.106347,Brazil,55+
U0527,User 527,2024-01-12 18:23:53.106347,Brazil,55+
U0528,User 528,2024-03-15 18:23:53.106347,Brazil,55+
U0529,User 529,2022-06-03 18:23:53.106347,USA,18-24
U0530,User 530,2022-11-15 18:23:53.106347,USA,45-54
U0531,User 531,2023-09-24 18:23:53.106347,Australia,45-54
U0532,User 532,2022-06-06 18:23:53.106347,Japan,55+
U0533,User 533,2025-01-30 18:23:53.106347,Japan,45-54
U0534,User 534,2025-02-26 18:23:53.106347,Japan,35-44
U0535,User 535,2024-10-15 18:23:53.106347,Germany,35-44
U0536,User 536,2024-03-09 18:23:53.106347,Germany,18-24
U0537,User 537,2022-08-01 18:23:53.106347,UK,13-17
U0538,User 538,2022-07-01 18:23:53.106347,Canada,25-34
U0539,User 539,2024-10-02 18:23:53.106347,Japan,55+
U0540,User 540,2023-06-15 18:23:53.106347,India,45-54
U0541,User 541,2023-06-09 18:23:53.106347,India,35-44
U0542,User 542,2024-02-25 18:23:53.106347,France,55+
U0543,User 543,2022-05-19 18:23:53.106347,France,55+
U0544,User 544,2024-10-23 18:23:53.106347,Canada,45-54
U0545,User 545,2024-03-25 18:23:53.106347,USA,25-34
U0546,User 546,2022-08-15 18:23:53.106347,Japan,45-54
U0547,User 547,2023-06-08 18:23:53.106347,Japan,55+
U0548,User 548,2023-08-29 18:23:53.106347,Australia,35-44
U0549,User 549,2022-10-27 18:23:53.106347,Australia,35-44
U0550,User 550,2023-08-17 18:23:53.106347,Australia,25-34
U0551,User 551,2023-08-19 18:23:53.106347,USA,25-34
U0552,User 552,2024-04-06 18:23:53.106347,UK,35-44
U0553,User 553,2025-03-19 18:23:53.106347,Canada,25-34
U0554,User 554,2024-11-23 18:23:53.106347,Brazil,55+
U0555,User 555,2023-06-29 18:23:53.106347,Japan,55+
U0556,User 556,2023-09-08 18:23:53.106347,Japan,45-54
U0557,User 557,2024-01-21 18:23:53.106347,Australia,25-34
U0558,User 558,2024-09-11 18:23:53.106347,Japan,55+
U0559,User 559,2025-03-09 18:23:53.106347,Brazil,35-44
U0560,User 560,2023-09-09 18:23:53.106347,Canada,18-24
U0561,User 561,2024-02-05 18:23:53.106347,Japan,18-24
U0562,User 562,2024-05-04 18:23:53.106347,UK,25-34
U0563,User 563,2023-09-12 18:23:53.106347,Japan,18-24
U0564,User 564,2024-06-20 18:23:53.106347,France,55+
U0565,User 565,2024-03-31 18:23:53.106347,UK,13-17
U0566,User 566,2025-02-18 18:23:53.106347,Japan,35-44
U0567,User 567,2024-09-26 18:23:53.106347,Canada,25-34
U0568,User 568,2022-06-19 18:23:53.106347,USA,35-44
U0569,User 569,2022-10-19 18:23:53.106347,Canada,45-54
U0570,User 570,2024-05-17 18:23:53.106347,France,45-54
U0571,User 571,2022-11-21 18:23:53.106347,UK,13-17
U0572,User 572,2024-01-10 18:23:53.106347,India,25-34
U0573,User 573,2023-05-14 18:23:53.106347,Germany,55+
U0574,User 574,2023-04-06 18:23:53.106347,Australia,13-17
U0575,User 575,2024-10-04 18:23:53.106347,France,35-44
U0576,User 576,2025-04-03 18:23:53.106347,France,18-24
U0577,User 577,2024-08-16 18:23:53.106347,India,35-44
U0578,User 578,2023-08-05 18:23:53.106347,Canada,18-24
U0579,User 579,2024-02-09 18:23:53.106347,Japan,18-24
U0580,User 580,2025-03-13 18:23:53.106347,USA,18-24
U0581,User 581,2022-11-19 18:23:53.106347,Australia,55+
U0582,User 582,2024-01-02 18:23:53.106347,India,18-24
U0583,User 583,2022-06-27 18:23:53.106347,USA,45-54
U0584,User 584,2023-09-28 18:23:53.106347,France,45-54
U0585,User 585,2024-09-22 18:23:53.106347,UK,55+
U0586,User 586,2024-06-04 18:23:53.106347,Brazil,13-17
U0587,User 587,2025-01-28 18:23:53.106347,Brazil,25-34
U0588,User 588,2024-06-08 18:23:53.106347,Brazil,45-54
U0589,User 589,2023-12-01 18:23:53.106347,Japan,45-54
U0590,User 590,2023-06-07 18:23:53.106347,Australia,25-34
U0591,User 591,2023-01-26 18:23:53.106347,USA,25-34
U0592,User 592,2022-05-22 18:23:53.106347,UK,25-34
U0593,User 593,2023-06-24 18:23:53.106347,Australia,13-17
U0594,User 594,2023-04-27 18:23:53.106347,Germany,13-17
U0595,User 595,2023-10-29 18:23:53.106347,Brazil,35-44
U0596,User 596,2024-07-26 18:23:53.106347,Brazil,45-54
U0597,User 597,2023-04-01 18:23:53.106347,Australia,13-17
U0598,User 598,2025-02-09 18:23:53.106347,India,45-54
U0599,User 599,2022-09-18 18:23:53.106347,USA,25-34
U0600,User 600,2024-06-11 18:23:53.106347,Australia,45-54
U0601,User 601,2024-01-21 18:23:53.106347,Australia,18-24
U0602,User 602,2025-03-20 18:23:53.106347,Australia,55+
U0603,User 603,2022-05-04 18:23:53.106347,UK,25-34
U0604,User 604,2024-07-22 18:23:53.106347,UK,45-54
U0605,User 605,2023-04-05 18:23:53.106347,Germany,35-44
U0606,User 606,2024-04-07 18:23:53.106347,Germany,13-17
U0607,User 607,2024-09-09 18:23:53.106347,USA,55+
U0608,User 608,2024-07-23 18:23:53.106347,India,45-54
U0609,User 609,2023-02-11 18:23:53.106347,Germany,45-54
U0610,User 610,2023-04-03 18:23:53.106347,USA,45-54
U0611,User 611,2023-01-31 18:23:53.106347,USA,55+
U0612,User 612,2024-04-09 18:23:53.106347,Brazil,55+
U0613,User 613,2024-05-27 18:23:53.106347,Brazil,35-44
U0614,User 614,2024-02-05 18:23:53.106347,Brazil,45-54
U0615,User 615,2023-08-16 18:23:53.106347,France,13-17
U0616,User 616,2024-05-15 18:23:53.106347,Canada,13-17
U0617,User 617,2024-07-11 18:23:53.106347,USA,55+
U0618,User 618,2025-02-25 18:23:53.106347,Brazil,45-54
U0619,User 619,2024-09-07 18:23:53.106347,Canada,13-17
U0620,User 620,2025-01-26 18:23:53.106347,Australia,13-17
U0621,User 621,2022-11-08 18:23:53.106347,Japan,55+
U0622,User 622,2023-02-25 18:23:53.106347,Brazil,13-17
U0623,User 623,2024-07-30 18:23:53.106347,Germany,35-44
U0624,User 624,2022-05-08 18:23:53.106347,Australia,45-54
U0625,User 625,2024-06-03 18:23:53.106347,France,18-24
U0626,User 626,2024-09-08 18:23:53.106347,France,18-24
U0627,User 627,2022-08-08 18:23:53.106347,USA,55+
U0628,User 628,2024-10-01 18:23:53.106347,UK,45-54
U0629,User 629,2023-07-15 18:23:53.106347,France,35-44
U0630,User 630,2025-01-06 18:23:53.106347,Canada,18-24
U0631,User 631,2023-06-17 18:23:53.106347,USA,13-17
U0632,User 632,2022-09-18 18:23:53.106347,Japan,55+
U0633,User 633,2023-02-20 18:23:53.106347,India,55+
U0634,User 634,2025-04-25 18:23:53.106347,USA,35-44
U0635,User 635,2025-03-23 18:23:53.106347,Australia,25-34
U0636,User 636,2024-02-12 18:23:53.106347,Brazil,13-17
U0637,User 637,2024-12-26 18:23:53.106347,Australia,55+
U0638,User 638,2023-07-31 18:23:53.106347,France,18-24
U0639,User 639,2022-11-11 18:23:53.106347,Australia,45-54
U0640,User 640,2022-07-06 18:23:53.106347,Brazil,25-34
U0641,User 641,2023-03-04 18:23:53.106347,USA,18-24
U0642,User 642,2025-04-16 18:23:53.106347,Germany,55+
U0643,User 643,2023-06-07 18:23:53.106347,USA,13-17
U0644,User 644,2022-10-25 18:23:53.106347,USA,35-44
U0645,User 645,2024-02-21 18:23:53.106347,USA,55+
U0646,User 646,2024-04-10 18:23:53.106347,Germany,13-17
U0647,User 647,2023-10-06 18:23:53.106347,France,35-44
U0648,User 648,2024-05-06 18:23:53.106347,Japan,35-44
U0649,User 649,2022-12-21 18:23:53.106347,Germany,35-44
U0650,User 650,2023-08-11 18:23:53.106347,India,45-54
U0651,User 651,2022-05-12 18:23:53.106347,Japan,45-54
U0652,User 652,2025-01-11 18:23:53.106347,UK,45-54
U0653,User 653,2024-03-31 18:23:53.106347,USA,18-24
U0654,User 654,2022-05-10 18:23:53.106347,USA,18-24
U0655,User 655,2023-01-20 18:23:53.106347,India,25-34
U0656,User 656,2023-06-30 18:23:53.106347,USA,18-24
U0657,User 657,2025-03-22 18:23:53.106347,USA,25-34
U0658,User 658,2023-09-12 18:23:53.106347,Germany,55+
U0659,User 659,2023-11-23 18:23:53.106347,France,55+
U0660,User 660,2024-02-24 18:23:53.106347,Canada,13-17
U0661,User 661,2023-07-28 18:23:53.106347,UK,35-44
U0662,User 662,2023-10-21 18:23:53.106347,Canada,55+
U0663,User 663,2023-08-31 18:23:53.106347,Canada,13-17
U0664,User 664,2022-09-21 18:23:53.106347,Germany,13-17
U0665,User 665,2024-02-27 18:23:53.106347,USA,25-34
U0666,User 666,2022-12-03 18:23:53.106347,Germany,25-34
U0667,User 667,2024-08-07 18:23:53.106347,UK,25-34
U0668,User 668,2024-10-09 18:23:53.106347,USA,45-54
U0669,User 669,2025-03-23 18:23:53.106347,France,18-24
U0670,User 670,2023-07-04 18:23:53.106347,USA,45-54
U0671,User 671,2023-08-08 18:23:53.106347,Brazil,25-34
U0672,User 672,2024-08-02 18:23:53.106347,Brazil,35-44
U0673,User 673,2024-12-18 18:23:53.106347,Australia,55+
U0674,User 674,2022-09-16 18:23:53.106347,Japan,18-24
U0675,User 675,2024-05-28 18:23:53.106347,UK,18-24
U0676,User 676,2022-09-15 18:23:53.106347,UK,35-44
U0677,User 677,2022-05-18 18:23:53.106347,Canada,35-44
U0678,User 678,2024-05-04 18:23:53.106347,Brazil,13-17
U0679,User 679,2024-12-14 18:23:53.106347,Germany,55+
U0680,User 680,2022-07-08 18:23:53.106347,Canada,45-54
U0681,User 681,2023-01-06 18:23:53.106347,India,18-24
U0682,User 682,2022-11-24 18:23:53.106347,Brazil,13-17
U0683,User 683,2022-11-08 18:23:53.106347,Japan,35-44
U0684,User 684,2022-05-10 18:23:53.106347,UK,25-34
U0685,User 685,2024-01-07 18:23:53.106347,UK,45-54
U0686,User 686,2024-10-03 18:23:53.106347,Japan,13-17
U0687,User 687,2022-11-24 18:23:53.106347,Brazil,18-24
U0688,User 688,2023-06-13 18:23:53.106347,France,18-24
U0689,User 689,2022-09-13 18:23:53.106347,Germany,55+
U0690,User 690,2022-10-21 18:23:53.106347,UK,13-17
U0691,User 691,2022-11-19 18:23:53.106347,Canada,35-44
U0692,User 692,2025-04-15 18:23:53.106347,UK,13-17
U0693,User 693,2024-03-22 18:23:53.106347,USA,18-24
U0694,User 694,2025-02-17 18:23:53.106347,Canada,25-34
U0695,User 695,2022-06-10 18:23:53.106347,USA,13-17
U0696,User 696,2024-04-06 18:23:53.106347,Canada,13-17
U0697,User 697,2024-05-05 18:23:53.106347,Germany,13-17
U0698,User 698,2025-01-14 18:23:53.106347,Germany,18-24
U0699,User 699,2025-03-26 18:23:53.106347,UK,45-54
U0700,User 700,2022-12-26 18:23:53.106347,Brazil,25-34
U0701,User 701,2022-10-10 18:23:53.106347,UK,35-44
U0702,User 702,2023-11-30 18:23:53.106347,Brazil,45-54
U0703,User 703,2023-05-20 18:23:53.106347,France,45-54
U0704,User 704,2023-12-14 18:23:53.106347,Germany,25-34
U0705,User 705,2023-10-02 18:23:53.106347,USA,45-54
U0706,User 706,2022-09-22 18:23:53.106347,Germany,13-17
U0707,User 707,2022-06-19 18:23:53.106347,Canada,13-17
U0708,User 708,2024-03-09 18:23:53.106347,Australia,13-17
U0709,User 709,2024-07-15 18:23:53.106347,Brazil,55+
U0710,User 710,2022-07-04 18:23:53.106347,France,25-34
U0711,User 711,2025-03-06 18:23:53.106347,France,35-44
U0712,User 712,2023-01-06 18:23:53.106347,Germany,18-24
U0713,User 713,2022-09-15 18:23:53.106347,Japan,55+
U0714,User 714,2022-07-28 18:23:53.106347,UK,45-54
U0715,User 715,2024-07-03 18:23:53.106347,Japan,25-34
U0716,User 716,2023-05-11 18:23:53.106347,USA,45-54
U0717,User 717,2023-09-17 18:23:53.106347,France,18-24
U0718,User 718,2022-12-05 18:23:53.106347,Japan,25-34
U0719,User 719,2022-08-20 18:23:53.106347,Australia,45-54
U0720,User 720,2024-06-14 18:23:53.106347,UK,18-24
U0721,User 721,2023-10-09 18:23:53.106347,India,55+
U0722,User 722,2023-01-27 18:23:53.106347,Japan,25-34
U0723,User 723,2023-01-20 18:23:53.106347,UK,55+
U0724,User 724,2022-12-04 18:23:53.106347,UK,45-54
U0725,User 725,2024-11-08 18:23:53.106347,Germany,13-17
U0726,User 726,2023-06-27 18:23:53.106347,India,13-17
U0727,User 727,2025-02-01 18:23:53.106347,USA,45-54
U0728,User 728,2022-08-04 18:23:53.106347,India,45-54
U0729,User 729,2023-07-16 18:23:53.106347,India,13-17
U0730,User 730,2024-10-04 18:23:53.106347,India,35-44
U0731,User 731,2023-11-22 18:23:53.106347,Brazil,18-24
U0732,User 732,2023-09-10 18:23:53.106347,USA,25-34
U0733,User 733,2025-01-30 18:23:53.106347,India,55+
U0734,User 734,2024-02-26 18:23:53.106347,Brazil,55+
U0735,User 735,2023-08-30 18:23:53.106347,UK,45-54
U0736,User 736,2022-10-29 18:23:53.106347,UK,25-34
U0737,User 737,2024-06-29 18:23:53.106347,France,35-44
U0738,User 738,2022-05-02 18:23:53.106347,France,25-34
U0739,User 739,2023-01-06 18:23:53.106347,USA,25-34
U0740,User 740,2023-09-11 18:23:53.106347,Japan,45-54
U0741,User 741,2024-11-24 18:23:53.106347,UK,13-17
U0742,User 742,2022-06-19 18:23:53.106347,Japan,18-24
U0743,User 743,2022-12-10 18:23:53.106347,Germany,45-54
U0744,User 744,2025-04-13 18:23:53.106347,USA,35-44
U0745,User 745,2024-12-01 18:23:53.106347,India,13-17
U0746,User 746,2024-02-10 18:23:53.106347,France,45-54
U0747,User 747,2022-06-10 18:23:53.106347,USA,35-44
U0748,User 748,2023-09-30 18:23:53.106347,France,45-54
U0749,User 749,2024-01-09 18:23:53.106347,Japan,55+
U0750,User 750,2024-02-20 18:23:53.106347,India,45-54
U0751,User 751,2022-10-15 18:23:53.106347,France,18-24
U0752,User 752,2025-02-04 18:23:53.106347,UK,45-54
U0753,User 753,2024-10-29 18:23:53.106347,India,45-54
U0754,User 754,2022-09-09 18:23:53.106347,Brazil,45-54
U0755,User 755,2024-12-11 18:23:53.106347,USA,35-44
U0756,User 756,2023-04-17 18:23:53.106347,UK,18-24
U0757,User 757,2024-02-07 18:23:53.106347,Brazil,55+
U0758,User 758,2023-06-09 18:23:53.106347,UK,35-44
U0759,User 759,2022-12-23 18:23:53.106347,UK,13-17
U0760,User 760,2022-08-16 18:23:53.106347,Japan,55+
U0761,User 761,2024-12-15 18:23:53.106347,Japan,35-44
U0762,User 762,2022-05-10 18:23:53.106347,France,13-17
U0763,User 763,2025-03-10 18:23:53.106347,UK,55+
U0764,User 764,2024-03-10 18:23:53.106347,Japan,45-54
U0765,User 765,2024-11-14 18:23:53.106347,USA,55+
U0766,User 766,2023-12-17 18:23:53.106347,Japan,13-17
U0767,User 767,2023-03-10 18:23:53.106347,Japan,55+
U0768,User 768,2024-03-27 18:23:53.106347,Canada,13-17
U0769,User 769,2023-05-16 18:23:53.106347,Japan,25-34
U0770,User 770,2022-12-03 18:23:53.106347,Brazil,25-34
U0771,User 771,2022-11-17 18:23:53.106347,Germany,55+
U0772,User 772,2024-02-21 18:23:53.106347,Japan,55+
U0773,User 773,2024-03-30 18:23:53.106347,Germany,25-34
U0774,User 774,2022-07-20 18:23:53.106347,USA,25-34
U0775,User 775,2024-08-24 18:23:53.106347,India,13-17
U0776,User 776,2024-07-30 18:23:53.106347,Germany,45-54
U0777,User 777,2025-01-10 18:23:53.106347,Canada,55+
U0778,User 778,2024-02-17 18:23:53.106347,Japan,35-44
U0779,User 779,2023-05-01 18:23:53.106347,Canada,13-17
U0780,User 780,2024-01-11 18:23:53.106347,UK,55+
U0781,User 781,2023-11-21 18:23:53.106347,Germany,45-54
U0782,User 782,2024-01-06 18:23:53.106347,USA,25-34
U0783,User 783,2022-04-30 18:23:53.106347,Canada,18-24
U0784,User 784,2022-06-18 18:23:53.106347,Brazil,55+
U0785,User 785,2024-04-01 18:23:53.106347,USA,18-24
U0786,User 786,2023-12-07 18:23:53.106347,Japan,35-44
U0787,User 787,2024-04-20 18:23:53.106347,Canada,55+
U0788,User 788,2025-04-26 18:23:53.106347,USA,13-17
U0789,User 789,2024-11-03 18:23:53.106347,India,25-34
U0790,User 790,2023-02-03 18:23:53.106347,USA,18-24
U0791,User 791,2024-06-07 18:23:53.106347,Australia,13-17
U0792,User 792,2024-11-22 18:23:53.106347,Australia,13-17
U0793,User 793,2025-03-05 18:23:53.106347,Japan,25-34
U0794,User 794,2023-07-25 18:23:53.106347,Australia,35-44
U0795,User 795,2025-01-14 18:23:53.106347,Japan,45-54
U0796,User 796,2022-07-17 18:23:53.106347,Japan,13-17
U0797,User 797,2023-05-31 18:23:53.106347,USA,55+
U0798,User 798,2024-07-12 18:23:53.106347,Brazil,35-44
U0799,User 799,2024-05-28 18:23:53.106347,USA,45-54
U0800,User 800,2022-09-23 18:23:53.106347,Germany,35-44
U0801,User 801,2024-11-12 18:23:53.106347,Germany,25-34
U0802,User 802,2023-06-08 18:23:53.106347,Japan,25-34
U0803,User 803,2024-11-17 18:23:53.106347,Canada,45-54
U0804,User 804,2022-11-20 18:23:53.106347,Canada,45-54
U0805,User 805,2025-03-31 18:23:53.106347,France,13-17
U0806,User 806,2022-09-22 18:23:53.106347,Germany,18-24
U0807,User 807,2023-03-04 18:23:53.106347,India,35-44
U0808,User 808,2024-11-24 18:23:53.106347,Australia,55+
U0809,User 809,2023-08-09 18:23:53.106347,Japan,25-34
U0810,User 810,2023-07-13 18:23:53.106347,Australia,18-24
U0811,User 811,2025-04-27 18:23:53.106347,Japan,13-17
U0812,User 812,2023-02-19 18:23:53.106347,Japan,13-17
U0813,User 813,2023-11-21 18:23:53.106347,Germany,45-54
U0814,User 814,2022-10-28 18:23:53.106347,Germany,35-44
U0815,User 815,2023-09-22 18:23:53.106347,Japan,55+
U0816,User 816,2022-12-23 18:23:53.106347,Germany,45-54
U0817,User 817,2023-11-10 18:23:53.106347,USA,35-44
U0818,User 818,2022-10-02 18:23:53.106347,USA,55+
U0819,User 819,2025-03-05 18:23:53.106347,USA,45-54
U0820,User 820,2022-07-24 18:23:53.106347,Germany,18-24
U0821,User 821,2024-02-28 18:23:53.106347,Japan,13-17
U0822,User 822,2023-08-08 18:23:53.106347,Japan,35-44
U0823,User 823,2025-02-21 18:23:53.106347,USA,35-44
U0824,User 824,2023-04-06 18:23:53.106347,France,25-34
U0825,User 825,2024-10-08 18:23:53.106347,Australia,55+
U0826,User 826,2023-04-06 18:23:53.106347,Australia,18-24
U0827,User 827,2023-05-05 18:23:53.106347,Brazil,35-44
U0828,User 828,2022-10-16 18:23:53.106347,Japan,25-34
U0829,User 829,2024-11-09 18:23:53.106347,Australia,25-34
U0830,User 830,2024-08-04 18:23:53.106347,UK,55+
U0831,User 831,2025-03-23 18:23:53.106347,UK,13-17
U0832,User 832,2023-02-06 18:23:53.106347,UK,45-54
U0833,User 833,2022-07-13 18:23:53.106347,USA,35-44
U0834,User 834,2025-03-08 18:23:53.106347,Brazil,55+
U0835,User 835,2023-11-07 18:23:53.106347,USA,13-17
U0836,User 836,2025-01-05 18:23:53.106347,UK,55+
U0837,User 837,2024-11-14 18:23:53.106347,UK,18-24
U0838,User 838,2024-03-01 18:23:53.106347,Germany,55+
U0839,User 839,2024-08-11 18:23:53.106347,UK,25-34
U0840,User 840,2024-05-21 18:23:53.106347,UK,45-54
U0841,User 841,2024-01-20 18:23:53.106347,Brazil,55+
U0842,User 842,2023-05-14 18:23:53.106347,Canada,35-44
U0843,User 843,2024-07-02 18:23:53.106347,France,25-34
U0844,User 844,2022-07-22 18:23:53.106347,Brazil,25-34
U0845,User 845,2022-06-14 18:23:53.106347,Germany,25-34
U0846,User 846,2023-01-22 18:23:53.106347,India,55+
U0847,User 847,2023-03-12 18:23:53.106347,USA,55+
U0848,User 848,2024-01-27 18:23:53.106347,France,55+
U0849,User 849,2024-02-29 18:23:53.106347,France,25-34
U0850,User 850,2024-06-05 18:23:53.106347,Brazil,45-54
U0851,User 851,2023-07-13 18:23:53.106347,Japan,18-24
U0852,User 852,2023-10-11 18:23:53.106347,USA,25-34
U0853,User 853,2023-10-21 18:23:53.106347,Japan,13-17
U0854,User 854,2023-10-02 18:23:53.106347,Brazil,13-17
U0855,User 855,2024-02-11 18:23:53.106347,Germany,45-54
U0856,User 856,2025-04-28 18:23:53.106347,France,55+
U0857,User 857,2023-03-02 18:23:53.106347,India,45-54
U0858,User 858,2024-04-13 18:23:53.106347,UK,25-34
U0859,User 859,2025-02-13 18:23:53.106347,Japan,18-24
U0860,User 860,2024-09-04 18:23:53.106347,France,13-17
U0861,User 861,2024-02-12 18:23:53.106347,Brazil,45-54
U0862,User 862,2022-11-23 18:23:53.106347,Australia,45-54
U0863,User 863,2025-02-24 18:23:53.106347,Germany,25-34
U0864,User 864,2024-09-28 18:23:53.106347,USA,13-17
U0865,User 865,2024-07-07 18:23:53.106347,Japan,25-34
U0866,User 866,2024-08-14 18:23:53.106347,France,55+
U0867,User 867,2024-12-23 18:23:53.106347,USA,25-34
U0868,User 868,2022-10-24 18:23:53.106347,Germany,13-17
U0869,User 869,2024-09-23 18:23:53.106347,Australia,55+
U0870,User 870,2025-04-15 18:23:53.106347,Germany,25-34
U0871,User 871,2024-10-12 18:23:53.106347,USA,13-17
U0872,User 872,2022-11-15 18:23:53.106347,Brazil,55+
U0873,User 873,2024-03-20 18:23:53.106347,USA,55+
U0874,User 874,2023-01-28 18:23:53.106347,Japan,55+
U0875,User 875,2022-05-18 18:23:53.106347,Australia,35-44
U0876,User 876,2025-03-26 18:23:53.106347,Australia,25-34
U0877,User 877,2022-10-13 18:23:53.106347,India,18-24
U0878,User 878,2024-08-18 18:23:53.106347,India,13-17
U0879,User 879,2024-03-04 18:23:53.106347,Canada,35-44
U0880,User 880,2023-01-15 18:23:53.106347,USA,35-44
U0881,User 881,2023-02-15 18:23:53.106347,France,35-44
U0882,User 882,2025-04-11 18:23:53.106347,France,45-54
U0883,User 883,2024-07-22 18:23:53.106347,Australia,13-17
U0884,User 884,2023-01-01 18:23:53.106347,USA,35-44
U0885,User 885,2024-07-26 18:23:53.106347,Japan,55+
U0886,User 886,2024-02-02 18:23:53.106347,Canada,25-34
U0887,User 887,2025-03-06 18:23:53.106347,USA,25-34
U0888,User 888,2023-05-10 18:23:53.106347,France,25-34
U0889,User 889,2023-06-19 18:23:53.106347,Australia,18-24
U0890,User 890,2023-05-09 18:23:53.106347,Japan,13-17
U0891,User 891,2023-01-02 18:23:53.106347,Canada,13-17
U0892,User 892,2024-09-13 18:23:53.106347,Canada,35-44
U0893,User 893,2022-09-14 18:23:53.106347,Germany,55+
U0894,User 894,2022-05-26 18:23:53.106347,Japan,25-34
U0895,User 895,2025-04-18 18:23:53.106347,UK,18-24
U0896,User 896,2024-11-07 18:23:53.106347,Canada,55+
U0897,User 897,2022-06-17 18:23:53.106347,France,25-34
U0898,User 898,2024-11-07 18:23:53.106347,Japan,18-24
U0899,User 899,2022-07-19 18:23:53.106347,France,25-34
U0900,User 900,2025-03-25 18:23:53.106347,Japan,13-17
U0901,User 901,2024-11-04 18:23:53.106347,Canada,13-17
U0902,User 902,2023-12-29 18:23:53.106347,Japan,25-34
U0903,User 903,2023-10-29 18:23:53.106347,Japan,25-34
U0904,User 904,2023-05-09 18:23:53.106347,Germany,25-34
U0905,User 905,2024-09-19 18:23:53.106347,UK,18-24
U0906,User 906,2022-11-25 18:23:53.106347,UK,25-34
U0907,User 907,2023-01-24 18:23:53.106347,USA,35-44
U0908,User 908,2022-11-16 18:23:53.106347,France,55+
U0909,User 909,2023-09-14 18:23:53.106347,USA,35-44
U0910,User 910,2024-02-15 18:23:53.106347,Japan,55+
U0911,User 911,2023-01-06 18:23:53.106347,Brazil,25-34
U0912,User 912,2023-09-03 18:23:53.106347,UK,45-54
U0913,User 913,2024-12-16 18:23:53.106347,USA,18-24
U0914,User 914,2025-03-21 18:23:53.106347,UK,45-54
U0915,User 915,2024-04-02 18:23:53.106347,Brazil,45-54
U0916,User 916,2022-09-05 18:23:53.106347,India,13-17
U0917,User 917,2022-05-28 18:23:53.106347,Australia,25-34
U0918,User 918,2022-05-12 18:23:53.106347,Australia,35-44
U0919,User 919,2023-05-06 18:23:53.106347,France,35-44
U0920,User 920,2024-09-03 18:23:53.106347,USA,25-34
U0921,User 921,2024-06-07 18:23:53.106347,Australia,45-54
U0922,User 922,2023-06-03 18:23:53.106347,UK,35-44
U0923,User 923,2024-07-31 18:23:53.106347,USA,45-54
U0924,User 924,2023-09-20 18:23:53.106347,France,55+
U0925,User 925,2023-04-25 18:23:53.106347,UK,35-44
U0926,User 926,2024-01-13 18:23:53.106347,India,25-34
U0927,User 927,2024-07-28 18:23:53.106347,Canada,45-54
U0928,User 928,2022-10-15 18:23:53.106347,Australia,35-44
U0929,User 929,2024-07-27 18:23:53.106347,Japan,55+
U0930,User 930,2022-10-03 18:23:53.106347,UK,13-17
U0931,User 931,2023-09-01 18:23:53.106347,UK,55+
U0932,User 932,2022-05-08 18:23:53.106347,UK,35-44
U0933,User 933,2025-02-15 18:23:53.106347,Australia,45-54
U0934,User 934,2024-10-31 18:23:53.106347,Brazil,55+
U0935,User 935,2024-05-07 18:23:53.106347,Germany,25-34
U0936,User 936,2022-07-13 18:23:53.106347,Japan,13-17
U0937,User 937,2023-05-10 18:23:53.106347,India,18-24
U0938,User 938,2024-08-12 18:23:53.106347,France,45-54
U0939,User 939,2023-07-11 18:23:53.106347,Brazil,13-17
U0940,User 940,2023-04-08 18:23:53.106347,Germany,13-17
U0941,User 941,2022-11-07 18:23:53.106347,UK,13-17
U0942,User 942,2023-08-28 18:23:53.106347,Japan,18-24
U0943,User 943,2024-02-17 18:23:53.106347,Japan,45-54
U0944,User 944,2024-05-20 18:23:53.106347,Japan,25-34
U0945,User 945,2025-02-11 18:23:53.106347,France,13-17
U0946,User 946,2022-09-27 18:23:53.106347,Japan,45-54
U0947,User 947,2023-10-29 18:23:53.106347,Canada,55+
U0948,User 948,2023-03-04 18:23:53.106347,Japan,55+
U0949,User 949,2024-09-02 18:23:53.106347,Canada,25-34
U0950,User 950,2024-09-09 18:23:53.106347,USA,35-44
U0951,User 951,2023-01-15 18:23:53.106347,India,45-54
U0952,User 952,2023-06-09 18:23:53.106347,Canada,35-44
U0953,User 953,2022-07-27 18:23:53.106347,Japan,55+
U0954,User 954,2024-08-22 18:23:53.106347,UK,45-54
U0955,User 955,2023-07-25 18:23:53.106347,Brazil,25-34
U0956,User 956,2022-11-12 18:23:53.106347,UK,13-17
U0957,User 957,2024-12-03 18:23:53.106347,UK,35-44
U0958,User 958,2024-11-11 18:23:53.106347,India,18-24
U0959,User 959,2025-02-17 18:23:53.106347,India,45-54
U0960,User 960,2024-07-26 18:23:53.106347,France,45-54
U0961,User 961,2022-07-21 18:23:53.106347,India,45-54
U0962,User 962,2025-02-18 18:23:53.106347,France,35-44
U0963,User 963,2025-01-14 18:23:53.106347,Australia,35-44
U0964,User 964,2024-01-17 18:23:53.106347,USA,25-34
U0965,User 965,2023-08-15 18:23:53.106347,USA,55+
U0966,User 966,2023-10-26 18:23:53.106347,UK,18-24
U0967,User 967,2023-03-28 18:23:53.106347,Canada,55+
U0968,User 968,2022-10-11 18:23:53.106347,France,13-17
U0969,User 969,2022-05-30 18:23:53.106347,Brazil,45-54
U0970,User 970,2023-04-04 18:23:53.106347,Australia,18-24
U0971,User 971,2024-03-08 18:23:53.106347,Germany,13-17
U0972,User 972,2022-06-04 18:23:53.106347,Germany,25-34
U0973,User 973,2022-09-05 18:23:53.106347,Australia,55+
U0974,User 974,2022-12-19 18:23:53.106347,Germany,35-44
U0975,User 975,2023-05-16 18:23:53.106347,India,35-44
U0976,User 976,2023-01-30 18:23:53.106347,Japan,18-24
U0977,User 977,2024-11-20 18:23:53.106347,France,13-17
U0978,User 978,2025-02-03 18:23:53.106347,India,18-24
U0979,User 979,2022-06-22 18:23:53.106347,Australia,35-44
U0980,User 980,2022-10-22 18:23:53.106347,India,18-24
U0981,User 981,2022-08-04 18:23:53.106347,France,25-34
U0982,User 982,2023-03-18 18:23:53.106347,USA,45-54
U0983,User 983,2023-06-02 18:23:53.106347,Germany,35-44
U0984,User 984,2023-07-15 18:23:53.106347,Australia,13-17
U0985,User 985,2023-07-30 18:23:53.106347,Germany,45-54
U0986,User 986,2022-08-18 18:23:53.106347,USA,55+
U0987,User 987,2022-07-17 18:23:53.106347,Japan,35-44
U0988,User 988,2023-03-09 18:23:53.106347,UK,35-44
U0989,User 989,2024-11-30 18:23:53.106347,Germany,45-54
U0990,User 990,2025-03-26 18:23:53.106347,Canada,45-54
U0991,User 991,2024-04-16 18:23:53.106347,India,18-24
U0992,User 992,2025-04-16 18:23:53.106347,Japan,18-24
U0993,User 993,2023-05-06 18:23:53.106347,USA,18-24
U0994,User 994,2024-02-20 18:23:53.106347,India,35-44
U0995,User 995,2025-04-25 18:23:53.106347,Canada,35-44
U0996,User 996,2025-02-07 18:23:53.106347,Australia,45-54
U0997,User 997,2025-04-09 18:23:53.106347,Australia,35-44
U0998,User 998,2024-09-13 18:23:53.106347,Japan,35-44
U0999,User 999,2024-10-20 18:23:53.106347,India,18-24
U1000,User 1000,2023-11-11 18:23:53.106347,India,35-44
